filename,cleanliness_score,chair_alignment_score,clutter_score,overall_score
sun397_conf_0000.jpg,5.0,5.0,5.0,4.5
sun397_conf_0001.jpg,4.6,4.0,4.8,4.0
sun397_conf_0002.jpg,5.0,4.2,5.0,4.5
sun397_conf_0003.jpg,5.0,4.4,4.8,4.5
sun397_conf_0004.jpg,4.3,4.0,4.8,4.0
sun397_conf_0005.jpg,4.5,3.9,5.0,4.5
sun397_conf_0006.jpg,5.0,4.2,5.0,4.5
sun397_conf_0007.jpg,3.4,4.4,3.2,3.0
sun397_conf_0008.jpg,4.9,4.4,4.1,4.0
sun397_conf_0009.jpg,4.7,5.0,5.0,4.0
sun397_conf_0010.jpg,5.0,4.8,4.6,4.0
sun397_conf_0011.jpg,5.0,5.0,5.0,4.5
sun397_conf_0012.jpg,5.0,5.0,4.5,4.5
sun397_conf_0013.jpg,5.0,4.3,5.0,4.0
sun397_conf_0014.jpg,4.9,4.6,4.2,4.5
sun397_conf_0015.jpg,4.7,4.4,4.6,4.5
sun397_conf_0016.jpg,5.0,4.5,5.0,4.5
sun397_conf_0017.jpg,4.7,4.4,5.0,4.5
sun397_conf_0018.jpg,5.0,4.7,4.8,4.5
sun397_conf_0019.jpg,4.8,3.8,4.7,3.5
sun397_conf_0020.jpg,4.9,4.6,4.8,4.5
sun397_conf_0021.jpg,4.8,4.1,5.0,4.0
sun397_conf_0022.jpg,5.0,5.0,5.0,4.5
sun397_conf_0023.jpg,4.9,4.3,4.8,4.0
sun397_conf_0024.jpg,4.5,4.8,4.0,4.0
sun397_conf_0025.jpg,4.9,4.6,4.8,4.5
sun397_conf_0026.jpg,5.0,4.4,4.9,4.5
sun397_conf_0027.jpg,5.0,4.2,5.0,4.5
sun397_conf_0028.jpg,5.0,4.4,4.6,4.0
sun397_conf_0029.jpg,5.0,4.1,4.2,4.0
sun397_conf_0030.jpg,5.0,5.0,5.0,4.5
sun397_conf_0031.jpg,4.9,4.4,5.0,4.5
sun397_conf_0032.jpg,4.8,3.8,4.9,4.5
sun397_conf_0033.jpg,4.7,4.2,4.3,4.5
sun397_conf_0034.jpg,5.0,4.4,4.9,4.5
sun397_conf_0035.jpg,5.0,4.1,4.9,4.5
sun397_conf_0036.jpg,3.9,4.2,4.9,3.5
sun397_conf_0037.jpg,4.7,4.6,4.6,4.0
sun397_conf_0038.jpg,4.7,4.4,5.0,4.5
sun397_conf_0039.jpg,5.0,4.5,5.0,4.5
sun397_conf_0040.jpg,5.0,3.7,4.5,4.0
sun397_conf_0041.jpg,4.6,4.0,4.3,4.0
sun397_conf_0042.jpg,3.7,5.0,4.9,4.0
sun397_conf_0043.jpg,5.0,4.6,5.0,4.5
sun397_conf_0044.jpg,5.0,4.7,4.9,4.5
sun397_conf_0045.jpg,5.0,3.3,5.0,4.0
sun397_conf_0046.jpg,5.0,4.1,5.0,4.5
sun397_conf_0047.jpg,5.0,4.5,4.4,3.5
sun397_conf_0048.jpg,5.0,4.0,5.0,4.5
sun397_conf_0049.jpg,4.8,4.8,3.9,3.5
sun397_conf_0050.jpg,5.0,5.0,5.0,4.0
sun397_conf_0051.jpg,5.0,4.9,4.9,4.5
sun397_conf_0052.jpg,4.5,4.0,5.0,4.0
sun397_conf_0053.jpg,4.9,4.7,4.6,4.0
sun397_conf_0054.jpg,4.8,4.6,5.0,4.0
sun397_conf_0055.jpg,4.8,4.2,5.0,4.5
sun397_conf_0056.jpg,4.5,3.1,3.5,3.0
sun397_conf_0057.jpg,5.0,4.5,5.0,5.0
sun397_conf_0058.jpg,4.7,4.1,5.0,4.0
sun397_conf_0059.jpg,5.0,4.7,4.9,4.5
sun397_conf_0060.jpg,3.1,3.8,2.7,3.0
sun397_conf_0061.jpg,4.5,4.6,4.0,4.0
sun397_conf_0062.jpg,5.0,4.8,4.7,4.0
sun397_conf_0063.jpg,5.0,4.2,4.9,4.0
sun397_conf_0064.jpg,5.0,4.2,5.0,4.5
sun397_conf_0065.jpg,5.0,4.9,4.4,4.0
sun397_conf_0066.jpg,4.9,4.4,4.4,4.0
sun397_conf_0067.jpg,4.8,4.3,4.9,4.0
sun397_conf_0068.jpg,5.0,4.6,4.8,4.5
sun397_conf_0069.jpg,4.9,4.7,4.1,4.0
sun397_conf_0070.jpg,4.5,4.6,5.0,4.0
sun397_conf_0071.jpg,4.6,4.7,5.0,4.5
sun397_conf_0072.jpg,4.7,5.0,4.8,4.5
sun397_conf_0073.jpg,5.0,4.7,4.3,4.5
sun397_conf_0074.jpg,4.7,4.6,4.5,4.0
sun397_conf_0075.jpg,5.0,5.0,4.3,4.0
sun397_conf_0076.jpg,4.9,4.2,5.0,4.5
sun397_conf_0077.jpg,5.0,3.5,5.0,4.0
sun397_conf_0078.jpg,5.0,4.6,5.0,4.0
sun397_conf_0079.jpg,4.9,4.4,4.9,4.5
sun397_conf_0080.jpg,5.0,4.9,5.0,4.5
sun397_conf_0081.jpg,4.7,4.7,5.0,4.0
sun397_conf_0082.jpg,4.0,3.5,5.0,3.5
sun397_conf_0083.jpg,4.9,3.9,4.8,4.0
sun397_conf_0084.jpg,4.6,3.7,4.8,4.0
sun397_conf_0085.jpg,5.0,3.9,4.6,4.0
sun397_conf_0086.jpg,4.8,4.7,5.0,4.0
sun397_conf_0087.jpg,4.1,4.8,4.7,4.0
sun397_conf_0088.jpg,5.0,4.8,4.5,4.0
sun397_conf_0089.jpg,4.5,4.1,4.1,3.5
sun397_conf_0090.jpg,5.0,3.8,5.0,4.5
sun397_conf_0091.jpg,5.0,4.0,4.9,4.5
sun397_conf_0092.jpg,4.9,4.2,5.0,4.5
sun397_conf_0093.jpg,5.0,4.6,4.2,4.5
sun397_conf_0094.jpg,4.4,4.8,4.7,4.0
sun397_conf_0095.jpg,4.5,4.5,4.7,4.0
sun397_conf_0096.jpg,4.5,5.0,4.2,4.5
sun397_conf_0097.jpg,2.8,5.0,2.8,3.0
sun397_conf_0098.jpg,5.0,5.0,4.7,4.5
sun397_conf_0099.jpg,4.7,4.7,4.9,4.5
sun397_conf_0100.jpg,4.9,4.4,5.0,4.5
sun397_conf_0101.jpg,4.9,5.0,3.9,4.0
sun397_conf_0102.jpg,4.9,4.6,4.6,4.0
sun397_conf_0103.jpg,5.0,4.0,4.7,4.0
sun397_conf_0104.jpg,2.5,5.0,3.3,3.0
sun397_conf_0105.jpg,4.9,4.5,4.7,4.5
sun397_conf_0106.jpg,4.7,4.7,4.7,4.5
sun397_conf_0107.jpg,4.9,4.9,5.0,4.5
sun397_conf_0108.jpg,5.0,3.9,4.9,4.5
sun397_conf_0109.jpg,4.4,4.1,5.0,4.0
sun397_conf_0110.jpg,5.0,4.2,5.0,4.0
sun397_conf_0111.jpg,5.0,2.2,5.0,4.0
sun397_conf_0112.jpg,4.8,4.4,4.6,4.0
sun397_conf_0113.jpg,4.5,4.8,5.0,4.0
sun397_conf_0114.jpg,5.0,4.2,4.9,4.0
sun397_conf_0115.jpg,4.8,4.6,4.6,4.0
sun397_conf_0116.jpg,5.0,4.7,4.5,4.5
sun397_conf_0117.jpg,4.9,4.5,4.9,4.5
sun397_conf_0118.jpg,5.0,4.6,4.9,4.5
sun397_conf_0119.jpg,4.9,5.0,4.6,4.5
sun397_conf_0120.jpg,3.8,4.5,3.7,3.5
sun397_conf_0121.jpg,5.0,3.8,5.0,4.5
sun397_conf_0122.jpg,5.0,3.7,4.2,4.0
sun397_conf_0123.jpg,5.0,3.7,4.5,4.0
sun397_conf_0124.jpg,4.7,3.9,4.0,3.5
sun397_conf_0125.jpg,4.6,3.8,4.5,4.0
sun397_conf_0126.jpg,5.0,4.8,5.0,4.0
sun397_conf_0127.jpg,4.6,4.4,5.0,4.0
sun397_conf_0128.jpg,4.7,3.7,4.4,4.0
sun397_conf_0129.jpg,4.7,4.9,4.6,4.5
sun397_conf_0130.jpg,4.6,3.7,4.9,4.0
sun397_conf_0131.jpg,4.5,4.8,5.0,4.5
sun397_conf_0132.jpg,5.0,4.4,5.0,4.5
sun397_conf_0133.jpg,4.9,4.2,4.9,4.5
sun397_conf_0134.jpg,4.2,5.0,3.8,3.5
sun397_conf_0135.jpg,4.6,4.2,5.0,4.0
sun397_conf_0136.jpg,4.5,4.5,4.5,4.0
sun397_conf_0137.jpg,5.0,3.9,5.0,4.0
sun397_conf_0138.jpg,5.0,4.0,4.4,4.5
sun397_conf_0139.jpg,5.0,4.5,4.2,4.5
sun397_conf_0140.jpg,4.6,4.5,4.2,3.5
sun397_conf_0141.jpg,4.7,4.9,5.0,4.5
sun397_conf_0142.jpg,4.2,4.4,4.4,4.0
sun397_conf_0143.jpg,5.0,4.8,4.3,4.0
sun397_conf_0144.jpg,4.7,4.6,5.0,4.0
sun397_conf_0145.jpg,4.9,3.8,5.0,4.0
sun397_conf_0146.jpg,4.8,4.9,5.0,4.5
sun397_conf_0147.jpg,5.0,4.3,5.0,4.5
sun397_conf_0148.jpg,5.0,4.8,4.6,4.0
sun397_conf_0149.jpg,4.9,4.3,4.2,4.0
sun397_conf_0150.jpg,4.9,4.5,4.6,4.0
sun397_conf_0151.jpg,4.6,4.6,4.5,4.0
sun397_conf_0152.jpg,4.4,5.0,4.6,4.0
sun397_conf_0153.jpg,4.8,5.0,5.0,5.0
sun397_conf_0154.jpg,5.0,4.8,5.0,4.0
sun397_conf_0155.jpg,5.0,4.4,4.9,4.5
sun397_conf_0156.jpg,5.0,5.0,4.7,4.5
sun397_conf_0157.jpg,5.0,4.3,5.0,4.5
sun397_conf_0158.jpg,4.8,1.8,5.0,3.5
sun397_conf_0159.jpg,4.6,4.3,5.0,4.5
sun397_conf_0160.jpg,1.9,4.5,2.6,2.5
sun397_conf_0161.jpg,4.7,4.2,5.0,4.5
sun397_conf_0162.jpg,5.0,3.2,5.0,4.0
sun397_conf_0163.jpg,4.2,3.6,2.8,3.5
sun397_conf_0164.jpg,5.0,3.9,5.0,4.0
sun397_conf_0165.jpg,4.7,4.6,4.4,4.0
sun397_conf_0166.jpg,5.0,4.2,5.0,4.0
sun397_conf_0167.jpg,5.0,5.0,4.8,4.5
sun397_conf_0168.jpg,4.9,5.0,4.6,4.5
sun397_conf_0169.jpg,5.0,4.1,5.0,4.5
sun397_conf_0170.jpg,4.8,4.6,5.0,4.5
sun397_conf_0171.jpg,5.0,4.2,5.0,4.0
sun397_conf_0172.jpg,4.8,4.7,5.0,4.5
sun397_conf_0173.jpg,4.6,4.4,5.0,4.0
sun397_conf_0174.jpg,4.6,4.8,5.0,4.0
sun397_conf_0175.jpg,4.3,4.4,4.3,4.0
sun397_conf_0176.jpg,5.0,5.0,4.6,4.5
sun397_conf_0177.jpg,5.0,4.2,5.0,5.0
sun397_conf_0178.jpg,4.3,4.4,5.0,4.0
sun397_conf_0179.jpg,4.9,5.0,4.3,4.5
sun397_conf_0180.jpg,5.0,4.7,3.8,4.0
sun397_conf_0181.jpg,3.0,4.4,2.5,3.0
sun397_conf_0182.jpg,4.9,4.5,5.0,4.5
sun397_conf_0183.jpg,5.0,4.7,5.0,4.5
sun397_conf_0184.jpg,5.0,4.3,5.0,4.5
sun397_conf_0185.jpg,5.0,4.5,5.0,4.5
sun397_conf_0186.jpg,5.0,3.9,5.0,4.0
sun397_conf_0187.jpg,4.6,4.1,4.9,4.0
sun397_conf_0188.jpg,4.5,4.1,4.6,4.0
sun397_conf_0189.jpg,5.0,4.5,4.9,4.5
sun397_conf_0190.jpg,5.0,5.0,4.7,4.5
sun397_conf_0191.jpg,4.6,2.6,3.0,3.0
sun397_conf_0192.jpg,4.9,4.2,5.0,4.5
sun397_conf_0193.jpg,5.0,5.0,4.7,4.5
sun397_conf_0194.jpg,4.3,4.5,3.2,3.5
sun397_conf_0195.jpg,4.7,4.7,5.0,4.5
sun397_conf_0196.jpg,5.0,3.7,5.0,4.5
sun397_conf_0197.jpg,4.9,4.4,5.0,4.5
sun397_conf_0198.jpg,5.0,3.8,5.0,4.5
sun397_conf_0199.jpg,3.9,3.5,4.3,4.0
sun397_conf_0200.jpg,5.0,4.6,4.7,4.5
sun397_conf_0201.jpg,5.0,3.3,4.6,4.0
sun397_conf_0202.jpg,5.0,4.4,5.0,4.5
sun397_conf_0203.jpg,5.0,4.0,5.0,4.5
sun397_conf_0204.jpg,4.3,3.3,5.0,3.5
sun397_conf_0205.jpg,5.0,4.2,5.0,4.5
sun397_conf_0206.jpg,4.7,4.6,5.0,4.0
sun397_conf_0207.jpg,4.6,4.5,4.6,4.0
sun397_conf_0208.jpg,4.7,4.4,4.9,4.5
sun397_conf_0209.jpg,4.8,4.4,4.8,4.5
sun397_conf_0210.jpg,5.0,3.9,4.9,4.5
sun397_conf_0211.jpg,4.5,4.0,4.8,4.0
sun397_conf_0212.jpg,5.0,4.4,5.0,4.0
sun397_conf_0213.jpg,4.5,3.8,3.7,3.5
sun397_conf_0214.jpg,3.7,5.0,3.5,3.5
sun397_conf_0215.jpg,5.0,4.7,5.0,4.5
sun397_conf_0216.jpg,5.0,4.9,4.2,4.5
sun397_conf_0217.jpg,5.0,4.0,5.0,4.0
sun397_conf_0218.jpg,4.9,4.5,5.0,4.5
sun397_conf_0219.jpg,4.7,4.5,4.6,4.0
sun397_conf_0220.jpg,4.4,3.8,4.3,4.0
sun397_conf_0221.jpg,5.0,4.1,5.0,4.5
sun397_conf_0222.jpg,5.0,5.0,4.6,4.0
sun397_conf_0223.jpg,4.6,4.3,4.3,4.0
sun397_conf_0224.jpg,5.0,5.0,4.3,4.5
sun397_conf_0225.jpg,5.0,4.0,5.0,4.0
sun397_conf_0226.jpg,5.0,5.0,4.7,5.0
sun397_conf_0227.jpg,5.0,4.9,5.0,4.5
sun397_conf_0228.jpg,4.7,4.4,5.0,4.0
sun397_conf_0229.jpg,4.9,5.0,4.1,3.5
sun397_conf_0230.jpg,4.3,4.4,4.8,4.0
sun397_conf_0231.jpg,4.8,3.9,5.0,4.0
sun397_conf_0232.jpg,5.0,4.0,4.4,4.0
sun397_conf_0233.jpg,5.0,3.2,4.9,4.5
sun397_conf_0234.jpg,4.7,3.6,4.7,4.0
sun397_conf_0235.jpg,4.8,4.8,4.7,4.5
sun397_conf_0236.jpg,4.2,4.3,4.9,4.0
sun397_conf_0237.jpg,2.6,4.7,3.2,3.0
sun397_conf_0238.jpg,4.6,4.0,5.0,4.0
sun397_conf_0239.jpg,4.8,4.5,4.9,4.5
sun397_conf_0240.jpg,4.7,4.0,5.0,4.5
sun397_conf_0241.jpg,5.0,4.6,5.0,4.0
sun397_conf_0242.jpg,4.4,3.9,5.0,3.5
sun397_conf_0243.jpg,4.5,4.5,5.0,4.0
sun397_conf_0244.jpg,5.0,4.1,5.0,4.5
sun397_conf_0245.jpg,4.5,4.6,5.0,4.5
sun397_conf_0246.jpg,4.6,4.2,5.0,4.5
sun397_conf_0247.jpg,5.0,3.0,5.0,4.0
sun397_conf_0248.jpg,5.0,5.0,4.8,4.5
sun397_conf_0249.jpg,4.6,4.5,5.0,4.5
sun397_conf_0250.jpg,4.9,4.7,4.9,4.5
sun397_conf_0251.jpg,5.0,4.5,4.8,4.5
sun397_conf_0252.jpg,5.0,4.6,5.0,4.5
sun397_conf_0253.jpg,2.8,5.0,3.6,3.0
sun397_conf_0254.jpg,4.8,4.5,5.0,4.5
sun397_conf_0255.jpg,5.0,4.1,5.0,4.5
sun397_conf_0256.jpg,5.0,4.2,5.0,4.0
sun397_conf_0257.jpg,4.9,4.3,5.0,4.5
sun397_conf_0258.jpg,4.6,4.0,2.9,3.0
sun397_conf_0259.jpg,4.5,4.1,5.0,4.0
sun397_conf_0260.jpg,4.7,4.2,4.2,3.5
sun397_conf_0261.jpg,4.9,4.8,4.5,4.0
sun397_conf_0262.jpg,5.0,4.7,5.0,4.5
sun397_conf_0263.jpg,4.2,3.9,2.9,3.0
sun397_conf_0264.jpg,5.0,4.8,4.8,4.0
sun397_conf_0265.jpg,5.0,4.6,5.0,4.0
sun397_conf_0266.jpg,5.0,4.7,4.5,5.0
sun397_conf_0267.jpg,5.0,3.4,4.9,4.5
sun397_conf_0268.jpg,5.0,4.7,4.8,4.5
sun397_conf_0269.jpg,4.3,4.4,4.4,4.0
sun397_conf_0270.jpg,4.7,4.0,5.0,4.0
sun397_conf_0271.jpg,5.0,4.3,4.6,4.0
sun397_conf_0272.jpg,4.9,4.8,4.8,4.5
sun397_conf_0273.jpg,5.0,4.3,5.0,4.0
sun397_conf_0274.jpg,5.0,4.2,4.3,4.0
sun397_conf_0275.jpg,5.0,4.0,4.1,3.5
sun397_conf_0276.jpg,4.7,5.0,5.0,4.0
sun397_conf_0277.jpg,4.6,4.5,4.9,4.0
sun397_conf_0278.jpg,5.0,4.5,5.0,4.5
sun397_conf_0279.jpg,5.0,4.6,5.0,4.5
sun397_conf_0280.jpg,5.0,3.7,5.0,4.0
sun397_conf_0281.jpg,4.4,4.0,5.0,4.0
sun397_conf_0282.jpg,5.0,4.2,4.6,4.0
sun397_conf_0283.jpg,5.0,4.2,4.2,4.0
sun397_conf_0284.jpg,4.6,5.0,4.4,4.0
sun397_conf_0285.jpg,3.9,4.9,3.5,3.0
sun397_conf_0286.jpg,5.0,4.2,5.0,4.0
sun397_conf_0287.jpg,4.2,3.6,2.3,3.0
sun397_conf_0288.jpg,4.9,4.7,4.1,4.5
sun397_conf_0289.jpg,5.0,5.0,4.4,4.0
sun397_conf_0290.jpg,4.9,3.7,4.7,4.5
sun397_conf_0291.jpg,4.4,4.3,3.4,4.0
sun397_conf_0292.jpg,5.0,5.0,4.9,4.5
sun397_conf_0293.jpg,4.0,3.7,4.7,4.0
sun397_conf_0294.jpg,3.5,3.7,4.1,3.5
sun397_conf_0295.jpg,5.0,4.3,5.0,4.5
sun397_conf_0296.jpg,5.0,4.0,4.8,4.0
sun397_conf_0297.jpg,4.9,5.0,4.7,4.0
sun397_conf_0298.jpg,4.4,4.6,5.0,4.5
sun397_conf_0299.jpg,5.0,3.9,4.5,4.0
